Date,Portfolio_Value,Daily_Return
2021-09-09,1000000.0,0.0
2021-09-10,1000000.0,0.0
2021-09-13,1000000.0,0.0
2021-09-14,1000000.0,0.0
2021-09-15,1000000.0,0.0
2021-09-16,1000000.0,0.0
2021-09-17,1000000.0,0.0
2021-09-20,1000000.0,0.0
2021-09-21,1000000.0,0.0
2021-09-22,1005185.032516144,0.005185032516143995
2021-09-23,1006334.2311641441,0.0011432707519762886
2021-09-24,1020351.469023393,0.013929008300784362
2021-09-27,1031811.183169984,0.011231143870022997
2021-09-28,1022494.5422052459,-0.009029404911192196
2021-09-29,1025025.026914173,0.002474814881133325
2021-09-30,1021093.3046351,-0.0038357329585497757
2021-10-01,1020918.777826693,-0.0001709215089499283
2021-10-04,1025176.4376049581,0.004170419695216809
2021-10-05,1024544.3320794861,-0.0006165821826228379
2021-10-06,1025996.290015411,0.0014171743383499802
2021-10-07,1033302.083455673,0.00712068212269279
2021-10-08,1027843.343430605,-0.005282811398978571
2021-10-11,1032178.1968478679,0.004217426171963634
2021-10-12,1041436.484470468,0.00896966013317635
2021-10-13,1045036.140956071,0.0034564340113676373
2021-10-14,1049895.374427343,0.004649823370535655
2021-10-15,1066469.061875151,0.015786037210467674
2021-10-18,1084624.307180435,0.01702369618989419
2021-10-19,1080713.691350728,-0.0036055026646718558
2021-10-20,1081738.350892016,0.0009481322847009199
2021-10-21,1100609.980823968,0.01744565117469521
2021-10-22,1111100.090950267,0.009531178445651989
2021-10-25,1188130.340530251,0.0693279122262549
2021-10-26,1183832.563646259,-0.0036172604447369805
2021-10-27,1196818.520393272,0.010969420123919882
2021-10-28,1222987.4665769609,0.021865425490817048
2021-10-29,1247653.3285983219,0.020168532135818706
2021-11-01,1310754.746223037,0.050576082456820215
2021-11-02,1286344.6401217568,-0.01862293931921144
2021-11-03,1314238.7090248158,0.021684755417038737
2021-11-04,1324934.4375592268,0.008138345386544898
2021-11-05,1319727.8835523028,-0.0039296691665101635
2021-11-08,1280348.9712360199,-0.029838660535296935
2021-11-09,1187624.6271314109,-0.07242114938015298
2021-11-10,1217164.329093414,0.024872928101325353
2021-11-11,1214225.932144782,-0.002414133308376254
2021-11-12,1194240.506237464,-0.01645939637610616
2021-11-15,1180941.673639803,-0.01113580767709843
2021-11-16,1208360.151346471,0.02321746985366424
2021-11-17,1231090.3403024918,0.018810773369754674
2021-11-18,1235979.668133861,0.003971542681561191
2021-11-19,1262923.8240252268,0.02179983747794756
2021-11-22,1276046.067329281,0.010390368013037055
2021-11-23,1244395.1225876699,-0.024803920134212287
2021-11-24,1248994.7045050298,0.0036962391075556766
2021-11-26,1226461.969834396,-0.01804069672141928
2021-11-29,1262850.837817096,0.029669789098812016
2021-11-30,1267983.7004148108,0.004064504250230527
2021-12-01,1235147.058177865,-0.02589673844088325
2021-12-02,1228287.519079898,-0.005553621370467887
2021-12-03,1182377.886310593,-0.0373769431473957
2021-12-06,1178445.42910726,-0.0033258886595076698
2021-12-07,1206608.197357941,0.02389823708002825
2021-12-08,1217938.0719289589,0.009389853803269732
2021-12-09,1175059.706505646,-0.03520570249963739
2021-12-10,1183761.9423629818,0.007405781858705884
2021-12-13,1150482.116186649,-0.028113613882450705
2021-12-14,1145284.3691259641,-0.00451788601279024
2021-12-15,1156760.806894615,0.010020601064702594
2021-12-16,1124560.3995699459,-0.027836703260298745
2021-12-17,1128262.442026918,0.00329199077113862
2021-12-20,1106860.466115555,-0.018968969553674442
2021-12-21,1132155.0909405272,0.022852586752639015
2021-12-22,1178236.467839182,0.040702353650481804
2021-12-23,1216291.176947518,0.03229802348430644
2021-12-27,1233920.764721876,0.014494545474384113
2021-12-28,1230348.202798246,-0.00289529281439338
2021-12-29,1228860.8665812789,-0.0012088742142950526
2021-12-30,1218496.9032669659,-0.008433797182545
2021-12-31,1209642.910046524,-0.007266323941163222
2022-01-03,1303004.0907685729,0.07718077785324118
2022-01-04,1270259.705567303,-0.025129917421790715
2022-01-05,1230179.944428019,-0.0315524148043288
2022-01-06,1214913.860420378,-0.01240963492925351
2022-01-07,1190337.429027405,-0.02022894971703515
2022-01-10,1210613.248204405,0.017033673547144357
2022-01-11,1214697.595761423,0.0033737839587300034
2022-01-12,1241898.9654931158,0.02239353220637752
2022-01-13,1193370.592238152,-0.03907594305442952
2022-01-14,1205092.831238492,0.009822798614766537
2022-01-18,1192682.567031168,-0.01029818109080427
2022-01-19,1170061.8328765149,-0.018966265442246444
2022-01-20,1170468.363611185,0.0003474438044617223
2022-01-21,1136514.8725261837,-0.029008465449033016
2022-01-24,1127494.3327098188,-0.007937018717858457
2022-01-25,1119975.83510679,-0.0066683240748171
2022-01-26,1132292.656614441,0.010997399338063873
2022-01-27,1062214.4940777519,-0.061890503420046095
2022-01-28,1073370.027190363,0.01050214732976018
2022-01-31,1131787.6074613212,0.054424456423355805
2022-02-01,1128253.174975966,-0.0031228761139053818
2022-02-02,1111729.2496839422,-0.014645582798715306
2022-02-03,1102350.838705236,-0.008435876794077646
2022-02-04,1123108.645656202,0.018830490459232463
2022-02-07,1112806.73008451,-0.009172679430023312
2022-02-08,1122251.7425544793,0.00848755872392326
2022-02-09,1128695.7577771242,0.005742040736757437
2022-02-10,1111018.945707427,-0.01566127271046902
2022-02-11,1082359.86477973,-0.025795312526780245
2022-02-14,1092493.7706350172,0.00936278790912981
2022-02-15,1122494.773755317,0.027461029002354476
2022-02-16,1123108.315742288,0.0005465878339176999
2022-02-17,1092904.985475592,-0.02689262455218655
2022-02-18,1080478.8343805543,-0.011369836591632376
2022-02-22,1057735.6954584992,-0.02104912951403981
2022-02-23,1020887.3324907762,-0.03483702320526327
2022-02-24,1044397.5453446764,0.023029194413197063
2022-02-25,1050227.1244506123,0.005581762550018299
2022-02-28,1088986.9264318843,0.036906114000386125
2022-03-01,1085110.0103768413,-0.0035601125788955468
2022-03-02,1095034.7494351324,0.0091462975766341
2022-03-03,1069090.7106560925,-0.02369243422861511
2022-03-04,1068455.0315910422,-0.0005945978752918135
2022-03-07,1046942.5532449943,-0.020134191622471542
2022-03-08,1059584.418644593,0.0120750325415806
2022-03-09,1081633.2804662064,0.020808971360505524
2022-03-10,1068456.8233698234,-0.012182000437989116
2022-03-11,1041098.0536654362,-0.025605872980528965
2022-03-14,1022642.2973233631,-0.017727202809663445
2022-03-15,1045247.5426562882,0.02210474316590605
2022-03-16,1069633.8600918911,0.023330662298071347
2022-03-17,1089571.3460905012,0.018639542690708444
2022-03-18,1111039.909658126,0.01970367855639421
2022-03-21,1121056.740533098,0.009015725526956286
2022-03-22,1167275.757533408,0.041228080015228485
2022-03-23,1170524.878989068,0.002783508039716276
2022-03-24,1179917.6116307382,0.008024376764876884
2022-03-25,1177836.878168074,-0.0017634565686230896
2022-03-28,1229281.292450096,0.043677027978640925
2022-03-29,1234179.3913844652,0.0039845224721566375
2022-03-30,1230645.951460495,-0.002862987300417119
2022-03-31,1220281.8467211928,-0.00842167865339516
2022-04-01,1224700.3439822202,0.0036208825632368935
2022-04-04,1263144.773586916,0.03139088659001299
2022-04-05,1228929.4262136281,-0.02708743137663272
2022-04-06,1200212.6661606522,-0.023367297942773813
2022-04-07,1207467.1857223362,0.006044361775392915
2022-04-08,1187436.4835670171,-0.016589024026633203
2022-04-11,1156198.358912344,-0.026307196289636292
2022-04-12,1163144.1815060102,0.006007466227681002
2022-04-13,1185432.860790337,0.019162438877928123
2022-04-14,1161919.1282710033,-0.019835566650022618
2022-04-18,1174047.1106106662,0.010437888528188832
2022-04-19,1189039.0498820012,0.012769452891491895
2022-04-20,1157042.7558710112,-0.026909371911852165
2022-04-21,1176896.600843036,0.017159128192353768
2022-04-22,1174558.355047041,-0.001986789488830243
2022-04-25,1170141.5297880343,-0.003760413639754767
2022-04-26,1093937.7438053663,-0.06512356329791313
2022-04-27,1097132.8644729992,0.002920751830463697
2022-04-28,1094634.7236439663,-0.0022769720149008466
2022-04-29,1090419.4233062672,-0.0038508739460287877
2022-05-02,1110539.0130422213,0.018451239317573087
2022-05-03,1114482.5376075222,0.003551000477235
2022-05-04,1141572.2321444901,0.024306970834304664
2022-05-05,1092032.8923598032,-0.043395711974900775
2022-05-06,1087276.054390432,-0.0043559475201263576
2022-05-09,1038283.3127680442,-0.04506007598029471
2022-05-10,1046353.4636369841,0.007772590361126985
2022-05-11,1005208.6403802491,-0.03932210738207065
2022-05-12,1001461.4104608161,-0.0037278130816856825
2022-05-13,1027359.1291924071,0.02585992676410198
2022-05-16,999231.2520856631,-0.02737881652821339
2022-05-17,1022389.509956912,0.02317607443012948
2022-05-18,990198.531386827,-0.03148602196773487
2022-05-19,989955.169054396,-0.00024577125163993685
2022-05-20,961703.736273967,-0.02853809310113986
2022-05-23,968524.2177801852,0.007092081738856004
2022-05-24,939538.1045100703,-0.029928124395846023
2022-05-25,958523.0273522781,0.020206655537518214
2022-05-26,988827.6304841652,0.03161593646382932
2022-05-27,1020958.6311600731,0.03249403605376133
2022-05-31,1020115.537779664,-0.0008257860354744517
2022-06-01,1009052.279286916,-0.010845103405470957
2022-06-02,1030450.720788493,0.021206474571068945
2022-06-03,986303.1297667361,-0.04284299106314915
2022-06-06,993282.409230647,0.0070762012745124725
2022-06-07,994400.8340008811,0.0011259887015420134
2022-06-08,999914.788363454,0.005545001747824463
2022-06-09,995928.1760477031,-0.003986952050459958
2022-06-10,982106.5250642712,-0.01387816040940082
2022-06-13,951634.082074827,-0.031027635202250492
2022-06-14,961149.4572733791,0.009998985300953
2022-06-15,983492.1908839331,0.023245847398110753
2022-06-16,946786.1417044891,-0.037322156209957935
2022-06-17,953531.634232369,0.0071246211058138
2022-06-21,990888.8367292602,0.03917772746676107
2022-06-22,989137.120736161,-0.0017678229163234915
2022-06-23,987268.035722399,-0.0018896116368284366
2022-06-24,1006831.0069693031,0.019815258409120462
2022-06-27,1005388.5254908861,-0.0014326947307266025
2022-06-28,982872.370943797,-0.02239547595403024
2022-06-29,975207.7450690271,-0.0077981903870286695
2022-06-30,967832.963957252,-0.0075622667570725
2022-07-01,972952.1181194792,0.00528929510862719
2022-07-05,983585.1320147023,0.010928609637825382
2022-07-06,981139.9503459332,-0.0024859888475139424
2022-07-07,1004596.9892871673,0.02390794395128193
2022-07-08,1015977.1259760762,0.011328061710581094
2022-07-11,985946.0631349953,-0.02955879819856111
2022-07-12,983620.6787235653,-0.0023585310580134244
2022-07-13,990866.0659227914,0.007366037900533362
2022-07-14,993188.7919273593,0.0023441371992134474
2022-07-15,996390.0694925995,0.0032232316667890615
2022-07-18,997270.2127271774,0.0008833320017191948
2022-07-19,1006359.0280004224,0.00911369371836579
2022-07-20,1009949.3709063354,0.0035676560809980717
2022-07-21,1054053.8744523353,0.043670014375493116
2022-07-22,1055035.3803476114,0.0009311724182845538
2022-07-25,1048100.8887442173,-0.006572757399954887
2022-07-26,1030684.8258771504,-0.016616780935978404
2022-07-27,1059704.7629744145,0.028155975879985418
2022-07-28,1070757.0786680274,0.01042961783298102
2022-07-29,1100266.5689123087,0.027559463142648344
2022-08-01,1100500.2914236095,0.00021242353253714263
2022-08-02,1106501.0586485704,0.005452762958561674
2022-08-03,1118851.6842868754,0.0111618742176256
2022-08-04,1121095.8154091863,0.002005744956036004
2022-08-05,1084030.4895684891,-0.03306169314990148
2022-08-08,1088115.5536717842,0.0037684033268485795
2022-08-09,1075289.336041741,-0.011787551043417999
2022-08-10,1095232.9384713713,0.01854719633233315
2022-08-11,1081272.725810334,-0.012746341139558526
2022-08-12,1105475.597915623,0.02238368871012697
2022-08-15,1122245.4865492582,0.015169840623578512
2022-08-16,1117274.4996909031,-0.004429500423869137
2022-08-17,1112643.33443854,-0.004145055895972138
2022-08-18,1110614.7796378462,-0.001823185146493933
2022-08-19,1099438.418715145,-0.010063220053982747
2022-08-22,1087277.3848731043,-0.01106113233358963
2022-08-23,1099044.0826250622,0.010822167292048768
2022-08-24,1100201.6077950262,0.0010532108659364603
2022-08-25,1098362.1821750263,-0.001671898683811568
2022-08-26,1084031.164745026,-0.013047624601951746
2022-08-29,1078155.9719150262,-0.00541976376793718
2022-08-30,1065385.449050026,-0.011844782385536545
2022-08-31,1061640.7184300262,-0.003514906856799005
2022-09-01,1064415.010855026,0.002613212150625266
2022-09-02,1051971.184790026,-0.01169076529182378
2022-09-06,1059509.277115026,0.007165683275350165
2022-09-07,1076109.604015026,0.01566793916632947
2022-09-08,1086048.2027150262,0.009235675123536513
2022-09-09,1104670.8610450262,0.017147174760240746
2022-09-12,1113137.2403250262,0.007664164574768151
2022-09-13,1091187.777425026,-0.019718559495495058
2022-09-14,1109883.9151850261,0.01713374924719102
2022-09-15,1111915.448360026,0.0018304014926293632
2022-09-16,1111198.2037550262,-0.0006450531882237209
2022-09-19,1121381.9636650262,0.009164665561541163
2022-09-20,1120774.296755026,-0.0005418911037360363
2022-09-21,1106666.0784650263,-0.012587920985382417
2022-09-22,1084955.4586050261,-0.019618040421111815
2022-09-23,1061386.655515026,-0.02172329094532921
2022-09-26,1062590.563685026,0.0011342786003050165
2022-09-27,1074898.859845026,0.011583291420653286
2022-09-28,1083538.096765026,0.00803725563654023
2022-09-29,1048781.964005026,-0.032076521225941845
2022-09-30,1043534.512860026,-0.0050033766074326635
2022-10-03,1003056.158360026,-0.03878966531644512
2022-10-04,1015524.827840026,0.012430679355367236
2022-10-05,1000253.682830026,-0.01503768750044343
2022-10-06,995513.8333900259,-0.004738647326535839
2022-10-07,968898.3844550259,-0.026735388341482258
2022-10-10,968704.760525026,-0.0001998392536373128
2022-10-11,957300.624580026,-0.011772561062690645
2022-10-12,958604.599250026,0.0013621370722203263
2022-10-13,966493.6909500259,0.008229766168628805
2022-10-14,937017.496940026,-0.03049807183016995
2022-10-17,962310.2969000259,0.026992879047186946
2022-10-18,963798.617400026,0.0015466118411020524
2022-10-19,967052.157600026,0.0033757469052786426
2022-10-20,941090.109320026,-0.02684658534285378
2022-10-21,953669.1579050261,0.013366465613042111
2022-10-24,948058.692085026,-0.005883031629464575
2022-10-25,967651.9069850259,0.02066666870266154
2022-10-26,971551.3225850259,0.004029771007375782
2022-10-27,972345.072815026,0.0008169925886036822
2022-10-28,978354.5174150261,0.006180362062824241
2022-10-31,976635.9812250261,-0.0017565577297488089
2022-11-01,977132.2571750261,0.0005081483372930684
2022-11-02,954673.0911350262,-0.02298477598614057
2022-11-03,955246.0997750262,0.0006002145083179311
2022-11-04,941556.6871750262,-0.014330770471843945
2022-11-07,923416.7185250262,-0.019265933636375854
2022-11-08,913327.3645050261,-0.010926111491803892
2022-11-09,889416.4087300262,-0.026180049677979822
2022-11-10,912314.1188300262,0.025744645449812475
2022-11-11,921454.7128300262,0.01001913026592427
2022-11-14,912711.5000600262,-0.00948848885166298
2022-11-15,918754.0341800263,0.006620420713010278
2022-11-16,905708.4326700262,-0.014199231812509039
2022-11-17,899187.7887100261,-0.0071994956928658205
2022-11-18,894013.2236600262,-0.005754710100571159
2022-11-21,872621.1878100261,-0.023928097799742476
2022-11-22,876161.1791800262,0.004056733230239473
2022-11-23,899209.5256100261,0.02630605758128901
2022-11-25,898621.9805500262,-0.0006534017303713169
2022-11-28,898722.8205900262,0.00011221630694846496
2022-11-29,895106.9156000263,-0.004023381744803212
2022-11-30,919103.4331700262,0.026808548958549894
2022-12-01,919105.6160900262,2.3750536894961982e-06
2022-12-02,919378.9843100262,0.00029742851660818914
2022-12-05,897941.3048700262,-0.023317565232457982
2022-12-06,893400.5086550261,-0.005056896470151062
2022-12-07,883425.0436250261,-0.011165725711324681
2022-12-08,882388.6314250261,-0.001173175027671003
2022-12-09,892054.8875850261,0.01095464721070738
2022-12-12,872713.7014850259,-0.02168160992017054
2022-12-13,860897.306615026,-0.01353982967139511
2022-12-14,853757.447365026,-0.008293508639344305
2022-12-15,855249.4639250259,0.0017475883397617409
2022-12-16,842469.3492900259,-0.014943142526331221
2022-12-19,841854.8452900259,-0.0007294081387266838
2022-12-20,821138.759240026,-0.024607669797116927
2022-12-21,820745.7049050259,-0.00047866981137745235
2022-12-22,799798.9189050258,-0.02552165168189824
2022-12-23,796031.2125350259,-0.004710817032808845
2022-12-27,771971.8400400259,-0.030224157188988854
2022-12-28,778149.689690026,0.008002687830789057
2022-12-29,793735.3443050259,0.02002912141648272
2022-12-30,796057.594355026,0.0029257233745001443
2023-01-03,770296.1258850258,-0.03236131236317441
2023-01-04,779753.8067750259,0.012277980600166938
2023-01-05,774120.7662650258,-0.007224126975792111
2023-01-06,778750.923265026,0.005981181750671416
2023-01-09,790190.5443050258,0.014689704626015265
2023-01-10,788624.9632350259,-0.0019812703167397805
2023-01-11,796065.8211450258,0.009435229997636352
2023-01-12,796643.3785850259,0.0007255146806446344
2023-01-13,794664.2520350259,-0.002484331889527902
2023-01-17,810111.3313400258,0.01943849778751483
2023-01-18,805514.6797850258,-0.005674098580248921
2023-01-19,802780.8625250258,-0.0033938763980434494
2023-01-20,813382.243845026,0.013205822179984672
2023-01-23,830893.9079750259,0.021529439894358404
2023-01-24,831130.1749750259,0.00028435278888472304
2023-01-25,832042.268070026,0.0010974130436636198
2023-01-26,858858.9231050259,0.03222991915687512
2023-01-27,888673.250675026,0.03471388230119632
2023-01-30,869677.622625026,-0.021375267046207402
2023-01-31,880755.2080550259,0.012737576708669707
2023-02-01,894580.424165026,0.015697001827023493
2023-02-02,906158.971840026,0.012942992449009871
2023-02-03,909037.5278900259,0.0031766567892108633
2023-02-06,917094.6648800259,0.008863371140134912
2023-02-07,920548.338450026,0.00376588557567481
2023-02-08,928087.2723500261,0.00818961219645864
2023-02-09,938236.009575026,0.010935110875189613
2023-02-10,920697.8823500259,-0.01869266053105756
2023-02-13,916915.2129350259,-0.004108480629221201
2023-02-14,941442.5109950259,0.026749799451454725
2023-02-15,949818.0242400258,0.00889646807657729
2023-02-16,929354.9534600258,-0.0215442013709658
2023-02-17,939861.218475026,0.011304900216956737
2023-02-21,921533.1934850259,-0.019500778018842202
2023-02-22,927375.8155550259,0.006340110276336963
2023-02-23,929402.9916450259,0.0021859272756501458
2023-02-24,920719.3703200258,-0.009343225062822591
2023-02-27,938687.5682900258,0.019515390410168587
2023-02-28,935483.9177000257,-0.0034129040356165596
2023-03-01,930577.3514900258,-0.005244949824539158
2023-03-02,910761.9747500258,-0.021293637448055125
2023-03-03,922251.3049550257,0.012615074545853089
2023-03-06,915621.1764150257,-0.007189069296381523
2023-03-07,905462.0550350258,-0.011095332482125797
2023-03-08,895957.7599950258,-0.010496624333564575
2023-03-09,880855.7897450258,-0.01685567213579786
2023-03-10,881722.0646150259,0.000983446870742366
2023-03-13,883443.3521600259,0.001952188352858597
2023-03-14,898020.8048500258,0.016500721471680135
2023-03-15,893356.3740500258,-0.005194123315193089
2023-03-16,899457.5486850259,0.006829496953539849
2023-03-17,892829.7491700258,-0.007368662951008242
2023-03-20,897994.2410900259,0.005784408421427356
2023-03-21,921715.2328100259,0.026415527666643346
2023-03-22,911081.533510026,-0.011536859673655364
2023-03-23,912854.1582500259,0.0019456269003397253
2023-03-24,909863.2766000261,-0.0032764068859953976
2023-03-27,912178.487185026,0.002544569766186777
2023-03-28,907855.485185026,-0.004739206263612794
2023-03-29,915593.0420550259,0.008522894883895571
2023-03-30,917901.7464750259,0.002521539935273154
2023-03-31,937964.2589450259,0.021856928093932693
2023-04-03,917068.769035026,-0.022277490544791223
2023-04-04,913468.5717150259,-0.003925765920246405
2023-04-05,901859.6762000258,-0.012708587765865365
2023-04-06,901101.2731200259,-0.0008409324643446903
2023-04-10,900192.8731800257,-0.0010080997187528196
2023-04-11,903936.3464900258,0.004158523602587394
2023-04-12,893690.1057500257,-0.011335135244628702
2023-04-13,902477.3777950258,0.009832571702945492
2023-04-14,901001.0438450257,-0.0016358680963363126
2023-04-17,904341.6575250257,0.0037076690452475525
2023-04-18,899875.3003750257,-0.004938793997639523
2023-04-19,893787.7112750257,-0.006764925204039929
2023-04-20,865014.7201100258,-0.03219219821668173
2023-04-21,868429.3353100258,0.003947464847263715
2023-04-24,864299.7806600258,-0.004755199395153786
2023-04-25,861230.6108400258,-0.0035510477830460463
2023-04-26,849950.4705500258,-0.013097700137478352
2023-04-27,860439.9679100259,0.012341304256484609
2023-04-28,867147.8770100259,0.007795905990156671
2023-05-01,863111.613840026,-0.004654642278451027
2023-05-02,860639.9819600258,-0.0028636295009445423
2023-05-03,861127.0219500259,0.00056590444344784
2023-05-04,862087.119240026,0.0011149310909159826
2023-05-05,876469.5052700259,0.01668321647431492
2023-05-08,879279.0515500259,0.003205526562084282
2023-05-09,874996.602600026,-0.004870409391024122
2023-05-10,874011.630050026,-0.0011256872850399224
2023-05-11,879742.8813500259,0.006557408509165752
2023-05-12,873112.8952800257,-0.007536277031109373
2023-05-15,870476.6926250258,-0.0030193147635901862
2023-05-16,870750.5469750259,0.000314602737006453
2023-05-17,882606.3685650259,0.013615634961340994
2023-05-18,887496.9743450257,0.0055410950500518474
2023-05-19,892739.3271750258,0.00590689656589416
2023-05-22,906812.4664750258,0.015763996131471947
2023-05-23,901815.5102750256,-0.0055104626201538665
2023-05-24,897191.0880450256,-0.005127902744309298
2023-05-25,899720.6715050256,0.002819447822996146
2023-05-26,913710.2368850256,0.01554878733262699
2023-05-30,926556.8967850256,0.014059883955986008
2023-05-31,931003.9370050257,0.004799532803037243
2023-06-01,936764.3444150257,0.006187307250848706
2023-06-02,947112.5642650255,0.011046769565575154
2023-06-05,952951.0964650256,0.00616455996920573
2023-06-06,958876.8103250256,0.006218276973478876
2023-06-07,964102.5323250256,0.0054498366669528675
2023-06-08,980565.9581050256,0.017076426238915587
2023-06-09,995834.3790350256,0.015571028959139754
2023-06-12,1004514.8110950254,0.008716742706162961
2023-06-13,1018705.0510950254,0.01412646169401044
2023-06-14,1015640.0109250254,-0.003008761139159266
2023-06-15,1014210.9325250254,-0.0014070717819578693
2023-06-16,1021614.4936050255,0.007299823776862446
2023-06-20,1043787.7321050253,0.0217041150441748
2023-06-21,1019909.0669750255,-0.022876935985675306
2023-06-22,1028098.9262050254,0.008029989628673961
2023-06-23,1015349.4369150256,-0.012401033563045782
2023-06-26,990618.1518500254,-0.024357412498442033
2023-06-27,1005175.3386100254,0.014695053520686896
2023-06-28,1014750.2189100253,0.009525582186725945
2023-06-29,1016751.3708800253,0.0019720636001927527
2023-06-30,1023526.4302800252,0.006663437684018891
2023-07-03,1052150.1237900252,0.027965759029953796
2023-07-05,1056362.2849700253,0.004003384198470794
2023-07-06,1046954.5968800252,-0.008905740221752612
2023-07-07,1043618.1884500253,-0.003186774708227702
2023-07-10,1035999.5319800252,-0.007300233509072163
2023-07-11,1036282.7033300253,0.00027333154239839175
2023-07-12,1039762.7620050253,0.003358213606979188
2023-07-13,1049091.067415025,0.008971570968757892
2023-07-14,1054577.860405025,0.005230044521796984
2023-07-17,1068766.8187800252,0.013454633278144668
2023-07-18,1073428.2986300252,0.004361549935954168
2023-07-19,1070156.782590025,-0.003047726656895011
2023-07-20,1025534.5230300252,-0.04169693664138052
2023-07-21,1021011.9950300251,-0.0044099227265775864
2023-07-24,1035209.4091800252,0.013905237371459656
2023-07-25,1029277.8568000252,-0.005729809183919854
2023-07-26,1027816.3935500253,-0.001419891859466893
2023-07-27,1014272.5652400254,-0.013177283797955575
2023-07-28,1031090.3653800254,0.01658114467092986
2023-07-31,1032641.4779000253,0.0015043419782398981
2023-08-01,1022686.6416400254,-0.009640166963120644
2023-08-02,1011795.4460700253,-0.010649592090627547
2023-08-03,1019936.3540300252,0.008046001779925538
2023-08-04,1011409.2230600253,-0.008360453999219808
2023-08-07,1007644.5516100252,-0.0037222039943535234
2023-08-08,1004910.3041600252,-0.0027135039291694696
2023-08-09,993203.1332900252,-0.011649965993517863
2023-08-10,998113.7978900252,0.00494427014515475
2023-08-11,993921.6561200253,-0.004200063939464482
2023-08-14,989417.6304200252,-0.004531570141637187
2023-08-15,978842.3616900253,-0.010688377086539802
2023-08-16,967399.7536700252,-0.011689939532494198
2023-08-17,957491.8476100252,-0.01024179096843092
2023-08-18,951697.5734900252,-0.00605151274599669
2023-08-21,976193.7031388253,0.02573940538586106
2023-08-22,979162.9328888252,0.0030416399331942845
2023-08-23,984843.6835488252,0.005801639818247661
2023-08-24,974287.8848888252,-0.010718247815696746
2023-08-25,987515.7735788253,0.013576981603860894
2023-08-28,987875.1009988253,0.00036387005616900225
2023-08-29,1016240.8224188252,0.028713874245154924
2023-08-30,1015805.2682188252,-0.00042859348925117224
2023-08-31,1017624.8322388253,0.0017912527892187668
2023-09-01,997469.8149788252,-0.019805940874750516
2023-09-05,1015160.2399788252,0.017735298586830428
2023-09-06,1008120.8298438252,-0.006934284714644523
2023-09-07,1007451.9647738253,-0.0006634770854834215
2023-09-08,1002852.8235538253,-0.004565122090989693
2023-09-11,1041416.2892838252,0.03845376392653699
2023-09-12,1032043.5985238253,-0.00899994637729884
2023-09-13,1037909.6184538252,0.005683887714036828
2023-09-14,1045180.5271338252,0.007005338953146589
2023-09-15,1042652.3095838252,-0.0024189290599712088
2023-09-18,1028692.2884238252,-0.013388951457434684
2023-09-19,1030558.9140738252,0.001814561721717789
2023-09-20,1024576.8870338253,-0.005804643439891177
2023-09-21,1014037.0791838253,-0.01028698576298459
2023-09-22,997505.5617838253,-0.016302675453747528
2023-09-25,1000725.7884038254,0.0032282793634166307
2023-09-26,996341.9154238253,-0.00438069352344006
2023-09-27,990821.3131618253,-0.005540871237612821
2023-09-28,999781.7131418253,0.009043406576919821
2023-09-29,1005633.4031418252,0.0058529676259140295
2023-10-02,1007728.1083318254,0.002082970974766507
2023-10-03,1000013.3997218254,-0.0076555457233109525
2023-10-04,1022252.3615818254,0.02223866386809048
2023-10-05,1020564.8515818254,-0.0016507763282530563
2023-10-06,1021287.1676018252,0.0007077610196748463
2023-10-09,1019977.0722918253,-0.0012827883787830396
2023-10-10,1025963.0945418254,0.005868781184021898
2023-10-11,1025010.9583418253,-0.000928041374066435
2023-10-12,1018772.9454218254,-0.0060858011997171335
2023-10-13,1007046.9665218254,-0.011509904098547463
2023-10-16,1011279.2464718253,0.004202663918066785
2023-10-17,1012680.4063718254,0.0013855321414817379
2023-10-18,994301.3036718254,-0.0181489664304334
2023-10-19,960226.2177218255,-0.03427038245264802
2023-10-20,947977.9407118254,-0.012755616107899659
2023-10-23,948111.3707118253,0.00014075222035203616
2023-10-24,954802.2142118254,0.007057022736660867
2023-10-25,948630.8583318254,-0.006463491378781994
2023-10-26,938612.9070118254,-0.01056043162839615
2023-10-27,940932.1564118253,0.0024709327803551506
2023-10-30,926004.0471318255,-0.015865234468048217
2023-10-31,931226.0910118255,0.005639331594904595
2023-11-01,938459.0869718255,0.007767174942597377
2023-11-02,957728.3340018254,0.020532857849111963
2023-11-03,959902.8528518255,0.0022704965205675443
2023-11-06,958873.7188718254,-0.0010721230559349593
2023-11-07,963227.5688918254,0.00454058749792674
2023-11-08,963123.6657418255,-0.0001078697842084031
2023-11-09,944998.8659918254,-0.01881876688809203
2023-11-10,951971.0159618254,0.007377945329788638
2023-11-13,965489.2703618254,0.014200279392268866
2023-11-14,985927.0553318255,0.02116831910761774
2023-11-15,994019.3960418254,0.008207849319315397
2023-11-16,980242.5565518255,-0.013859729040357927
2023-11-17,981297.2145518255,0.0010759153364143792
2023-11-20,983229.8205118256,0.001969439973273257
2023-11-21,991550.6254718255,0.008462726400698894
2023-11-22,981171.0734318255,-0.010468000093349694
2023-11-24,983010.5396818256,0.0018747660829077084
2023-11-27,983946.0327918256,0.0009516613222710912
2023-11-28,999714.8761118257,0.016026126224888415
2023-11-29,995896.1369018256,-0.0038198283343069406
2023-11-30,989888.0917618256,-0.006032802937353088
2023-12-01,988032.1686218255,-0.0018748817724404399
2023-12-04,983225.3528718256,-0.004865039725077791
2023-12-05,987861.1890018256,0.004714927372915678
2023-12-06,988824.5460818256,0.0009751947851837084
2023-12-07,993649.7345318256,0.004879721553353145
2023-12-08,995415.9242618257,0.0017774771819691892
2023-12-11,989375.2815218257,-0.0060684610249526205
2023-12-12,985355.2929718257,-0.004063158464820971
2023-12-13,988706.1187818256,0.003400626996069578
2023-12-14,1005995.0075618257,0.017486377854424084
2023-12-15,1009593.9663518256,0.003577511581019266
2023-12-18,1007509.4325718256,-0.0020647248789853467
2023-12-19,1015050.9590918258,0.007485316043889689
2023-12-20,1000272.6126818256,-0.014559216241933681
2023-12-21,1011059.5207818256,0.010783968253493592
2023-12-22,1008192.0840218256,-0.002836071171935295
2023-12-26,1014148.1895318257,0.005907709060996025
2023-12-27,1021211.1311818257,0.006964407887234403
2023-12-28,1009145.2275218256,-0.01181528803552745
2023-12-29,1002284.8924218256,-0.0067981643403765
2024-01-02,1002198.7023418255,-8.599359388905548e-05
2024-01-03,987652.4723418255,-0.01451431733648223
2024-01-04,986894.8730918255,-0.0007670706763924784
2024-01-05,986252.4862318255,-0.0006509172126788476
2024-01-08,990560.6600918255,0.004368226108570017
2024-01-09,982570.1319818256,-0.008066672170545575
2024-01-10,981086.9568818255,-0.001509485228304852
2024-01-11,971319.1963118254,-0.009956059961335972
2024-01-12,959216.6762318253,-0.012459879436084842
2024-01-16,960692.6911318253,0.0015387710999754667
2024-01-17,954365.4262718253,-0.006586148638796918
2024-01-18,949048.7093918254,-0.005570944560271185
2024-01-19,949495.4894018254,0.00047076615307384273
2024-01-22,944590.0171418255,-0.005166398697786567
2024-01-23,945083.9458418256,0.0005229027313824464
2024-01-24,943193.5239618255,-0.0020002687468320124
2024-01-25,906786.4042618255,-0.03859984062133315
2024-01-26,907683.7487618255,0.0009895875101153528
2024-01-29,918760.5031318255,0.012203319036073745
2024-01-30,919715.7678018254,0.001039731972308111
2024-01-31,913518.9858068255,-0.006737714206869194
2024-02-01,915779.2373068255,0.0024742249861438026
2024-02-02,914409.1322668255,-0.0014961084333263708
2024-02-05,904561.8480068254,-0.010769013467296196
2024-02-06,910359.2607968254,0.006409083914797442
2024-02-07,913920.9526168255,0.003912402469419041
2024-02-08,916761.5036168254,0.00310809265491363
2024-02-09,922508.2634368255,0.006268543996805986
2024-02-12,914716.5313268255,-0.008446246411898506
2024-02-13,908830.7973368254,-0.006434489580572689
2024-02-14,915538.5920368254,0.007380685953486621
2024-02-15,932315.3128768255,0.01832442781322463
2024-02-16,931602.7208168255,-0.0007643251699911424
2024-02-20,922765.5746868255,-0.009485959983298042
2024-02-21,924205.2413268255,0.0015601650944645495
2024-02-22,927966.2773268254,0.00406948135740981
2024-02-23,920217.4220168254,-0.008350363045866227
2024-02-26,930790.4397268256,0.011489695214449869
2024-02-27,931264.1356868255,0.0005089179473511951
2024-02-28,934547.1352668256,0.003525315164831122
2024-02-29,934321.8710868256,-0.00024104100424604535
2024-03-01,935398.7505668257,0.001152578691909989
2024-03-04,914833.6418368258,-0.02198539255856191
2024-03-05,904342.5687868258,-0.011467738581340092
2024-03-06,898394.4387968257,-0.0065772973597598705
2024-03-07,901377.7244468258,0.0033206857936425305
2024-03-08,896700.0529468259,-0.005189468713430401
2024-03-11,900133.5725018259,0.0038290613942939533
2024-03-12,899808.6347318259,-0.00036098839097498114
2024-03-13,888431.311681826,-0.012644158558659191
2024-03-14,878587.6339118261,-0.011079841109343125
2024-03-15,880095.7607518261,0.001716535473285985
2024-03-18,894505.8807318262,0.016373354608241852
2024-03-19,891014.9083718262,-0.0039026824028747242
2024-03-20,897118.4553718262,0.006850106482677365
2024-03-21,893128.8089818262,-0.004447179038744031
2024-03-22,890328.5522918261,-0.0031353335172251695
2024-03-25,892851.7135318262,0.0028339664425061084
2024-03-26,899923.5649518261,0.007920521753860044
2024-03-27,902953.2835418263,0.0033666399103153832
2024-03-28,897294.7260918262,-0.006266722269179237
2024-04-01,896497.4999218263,-0.0008884774944262208
2024-04-02,884478.0451718263,-0.013407125787911367
2024-04-03,886920.0211518263,0.0027609232284850904
2024-04-04,890732.6210818263,0.004298696431555005
2024-04-05,882067.4720018262,-0.009728114672028054
2024-04-08,893335.2626618261,0.012774295637983268
2024-04-09,898767.7197518261,0.006081095549517634
2024-04-10,891636.6667118261,-0.007934255851967054
2024-04-11,895587.7241618263,0.004431241555566512
2024-04-12,890650.7918218261,-0.005512505594715056
2024-04-15,877357.0815818261,-0.014925838905737399
2024-04-16,871286.6268398261,-0.0069190240432723815
2024-04-17,868984.5791998261,-0.0026421243814445106
2024-04-18,861329.5079498261,-0.008809214148597366
2024-04-19,857339.5989798261,-0.004632267829180692
2024-04-22,850412.9684198262,-0.008079214547236702
2024-04-23,854051.3950898261,0.004278423313276214
2024-04-24,878185.2922498261,0.02825813212032946
2024-04-25,889299.013289826,0.01265532586127427
2024-04-26,886689.314439826,-0.002934557231032864
2024-04-29,922232.2960198261,0.040085045574790534
2024-04-30,907383.979039826,-0.016100408805983624
2024-05-01,902852.187039826,-0.00499434870427784
2024-05-02,902882.394179826,3.3457458965768794e-05
2024-05-03,904506.802079826,0.001799135646537442
2024-05-06,909414.408279826,0.005425726140163345
2024-05-07,899869.515879826,-0.010495646773459821
2024-05-08,895623.6442898259,-0.004718319173029006
2024-05-09,891853.509279826,-0.004209508127701822
2024-05-10,887059.4162298259,-0.005375426569629416
2024-05-13,891742.756229826,0.005279623793302601
2024-05-14,899488.0676339259,0.008685589369793245
2024-05-15,894623.7177339259,-0.00540790931534596
2024-05-16,895784.7536339259,0.0012977924427723941
2024-05-17,899359.5900839261,0.003990731518367818
2024-05-20,895935.8725239262,-0.0038068394419193963
2024-05-21,911815.2070139262,0.017723740032047797
2024-05-22,902971.8941639261,-0.009698580131121903
2024-05-23,894303.8323639262,-0.009599481286209688
2024-05-24,901784.7525289262,0.008365076715846742
2024-05-28,898397.8261289262,-0.0037558035778514354
2024-05-29,897634.6119389262,-0.0008495280907887537
2024-05-30,901165.0183639261,0.003933010579186602
2024-05-31,900201.789863926,-0.0010688702738914646
2024-06-03,897776.211733926,-0.0026944826785633147
2024-06-04,895716.4419589262,-0.0022943020187866647
2024-06-05,896028.036608926,0.0003478719775629191
2024-06-06,900002.342008926,0.004435469915696988
2024-06-07,899378.8958789259,-0.0006927161196140785
2024-06-10,894395.799818926,-0.005540597052958507
2024-06-11,890173.3858989261,-0.004720967966145184
2024-06-12,899110.9147789262,0.010040211290943901
2024-06-13,906099.2863889262,0.007772535618387311
2024-06-14,900099.2705889262,-0.006621808327332279
2024-06-17,912782.3526689261,0.01409075920226166
2024-06-18,909313.7661089264,-0.00380001492125448
2024-06-20,904894.9314289263,-0.00485952687036606
2024-06-21,906827.9591289265,0.002136190217076006
2024-06-24,906253.1041589265,-0.0006339184452938129
2024-06-25,912646.5397589265,0.007054801324993587
2024-06-26,924723.3232189266,0.01323270612869476
2024-06-27,926126.8280489265,0.0015177564951152078
2024-06-28,926743.7784989267,0.0006661619459829016
2024-07-01,942751.9974789266,0.017273619042718513
2024-07-02,971329.8085889266,0.030313180122048866
2024-07-03,991516.2940289266,0.02078231848904699
2024-07-05,998357.7542189268,0.00689999774204475
2024-07-08,1000245.1365089267,0.001890486934191804
2024-07-09,1012741.0355089266,0.01249283654966149
2024-07-10,1013978.1427089267,0.001221543471257025
2024-07-11,984434.2494089267,-0.029136617502494744
2024-07-12,993990.3836089268,0.00970723459259748
2024-07-15,999849.9376389266,0.005894980602050959
2024-07-16,1005050.2723289267,0.005201115181624472
2024-07-17,994366.6895989267,-0.010629898845998742
2024-07-18,995335.5485089265,0.0009743477131063383
2024-07-19,982064.1707189266,-0.013333571587874293
2024-07-22,998342.7565089265,0.0165758880889455
2024-07-23,991567.8629089264,-0.006786139886155951
2024-07-24,951431.8774889264,-0.04047729552494228
2024-07-25,957051.4106889265,0.005906395752506732
2024-07-26,956459.0294989265,-0.0006189648574610462
2024-07-29,972663.0045989265,0.01694163011717187
2024-07-30,960187.2423489264,-0.012826397417206703
2024-07-31,972619.0444489263,0.01294726856564754
2024-08-01,952628.4967589264,-0.02055331715340436
2024-08-02,940559.8318789264,-0.012668805227914803
2024-08-05,929004.7166589265,-0.012285359025928866
2024-08-06,931313.7459089265,0.0024854871117385713
2024-08-07,919680.8751389264,-0.012490818288789285
2024-08-08,928952.3394389264,0.010081175493183325
2024-08-09,930467.6323889265,0.0016311848150523112
2024-08-12,927185.8833689266,-0.0035269889094090567
2024-08-13,940690.7048989267,0.014565387342752034
2024-08-14,932272.8075089266,-0.00894863460025841
2024-08-15,948915.2824889265,0.017851507462144367
2024-08-16,951492.0213389266,0.002715457214727879
2024-08-19,960085.9542689265,0.009032059898838263
2024-08-20,957980.2693889266,-0.0021932253780374555
2024-08-21,960802.6167189266,0.0029461434856068447
2024-08-22,944422.5528989265,-0.017048313082177913
2024-08-23,956964.8134439265,0.013280348406019327
2024-08-26,947741.3546939265,-0.009638242305698319
2024-08-27,942557.1814439265,-0.005470029585945668
2024-08-28,938076.7817239264,-0.004753451364230776
2024-08-29,938766.4419239266,0.0007351852358319366
2024-08-30,948892.7732939266,0.010786848483044231
2024-09-03,944358.7880339266,-0.004778185046410477
2024-09-04,955732.2774439265,0.012043610494353096
2024-09-05,969616.5339539265,0.014527349172650084
2024-09-06,944560.5713539264,-0.02584110493436642
2024-09-09,951701.3451539264,0.007559889769445327
2024-09-10,964446.2250839262,0.013391680063180367
2024-09-11,966964.9405339262,0.0026115664974279973
2024-09-12,969120.0458739264,0.0022287316216553776
2024-09-13,969734.3278739264,0.0006338554264926355
2024-09-16,965229.7785739264,-0.00464513750882245
2024-09-17,966629.5991239264,0.0014502459218239672
2024-09-18,965773.3190339264,-0.0008858409578768045
2024-09-19,987181.4850339263,0.022166864188601476
2024-09-20,979926.9135139263,-0.0073487718620965925
2024-09-23,994947.5309039264,0.015328303756999118
2024-09-24,1000404.5909039264,0.005484771639206132
2024-09-25,1003914.3583639264,0.0035083480143056622
2024-09-26,1000344.8777639263,-0.00355556285280878
2024-09-27,1008303.7753889263,0.007956153724494097
2024-09-30,1009792.6763489263,0.0014766392790959149
2024-10-01,1005197.9236789263,-0.004550194091932913
2024-10-02,993739.2061289265,-0.011399464006115356
2024-10-03,983108.8616489264,-0.010697318184124227
2024-10-04,995078.0449589263,0.012174830048754082
2024-10-07,983330.5449589263,-0.011805606665238888
2024-10-08,987990.2613989264,0.004738708121992508
2024-10-09,983614.7375789264,-0.004428711487302062
2024-10-10,980726.4957689263,-0.0029363547531924272
2024-10-11,954159.6156389264,-0.027088979694762427
2024-10-14,955882.1255089263,0.0018052638591778969
2024-10-15,956400.9954989263,0.0005428179648443443
2024-10-16,958625.4840989263,0.002325895320549609
2024-10-17,958070.2425089262,-0.0005792059560382201
2024-10-18,957830.2517989262,-0.00025049385666287005
2024-10-21,955497.2328989262,-0.002435733153779762
2024-10-22,954387.5555889263,-0.0011613610922066586
2024-10-23,948951.9334639264,-0.005695403395788889
2024-10-24,1007848.0287839265,0.062064360947148955
2024-10-25,1018783.0627739264,0.010849883789715964
2024-10-28,1010400.2027739263,-0.008228307189535933
2024-10-29,1006652.4782639263,-0.0037091486123133066
2024-10-30,1004182.3252289265,-0.0024538289909740163
2024-10-31,994542.1072389265,-0.0096000673859723
2024-11-01,993455.6781959265,-0.001092391197006437
2024-11-04,985776.0136359265,-0.007730253828681977
2024-11-05,996521.6662959266,0.010900704126859173
2024-11-06,1042842.9316259265,0.04648294853655943
2024-11-07,1053292.8627359266,0.010020618439353424
2024-11-08,1083585.0535959266,0.02875951402662702
2024-11-11,1119440.8872959267,0.03309000394663153
2024-11-12,1092674.8445559267,-0.023910188598394777
2024-11-13,1094857.1187059265,0.0019971853116895755
2024-11-14,1071181.7210159267,-0.021624189390103354
2024-11-15,1083019.9404459265,0.011051551009265026
2024-11-18,1105384.4097159265,0.020650099259291066
2024-11-19,1114376.2339559265,0.00813456763182585
2024-11-20,1109460.0289559264,-0.004411620465511912
2024-11-21,1106505.0351459265,-0.002663452249632381
2024-11-22,1122475.2590609265,0.014433033206119772
2024-11-25,1105229.5289209266,-0.015364018049206507
2024-11-26,1104787.3579209265,-0.0004000716488563594
2024-11-27,1098206.3661209266,-0.005956794991195946
2024-11-29,1113325.8600409266,0.01376744333890989
2024-12-02,1128018.5576609266,0.013197122376605863
2024-12-03,1121038.8158609266,-0.0061876125641702195
2024-12-04,1129040.8328609266,0.007138037404935682
2024-12-05,1143238.0929909265,0.01257462061316672
2024-12-06,1167454.3555709266,0.02118216907612469
2024-12-09,1168161.1679609264,0.0006054304278595435
2024-12-10,1181883.6652809265,0.011747092521448232
2024-12-11,1210998.6855809265,0.024634421436968923
2024-12-12,1202840.9207409266,-0.006736394462795392
2024-12-13,1224997.2607409265,0.018420008513138963
2024-12-16,1257712.2696509263,0.026706189440956374
2024-12-17,1278269.4737509266,0.016344918147062293
2024-12-18,1229824.7722559264,-0.03789866103337747
2024-12-19,1225012.7903759265,-0.003912737805055744
2024-12-20,1206612.8298709267,-0.015020219094490694
2024-12-23,1218222.9788709267,0.009622099742832901
2024-12-24,1256719.0429709265,0.03160017892264588
2024-12-26,1246827.3578109266,-0.007871039446188055
2024-12-27,1219566.1882909266,-0.021864430026513726
2024-12-30,1202282.5088909266,-0.01417198965168176
2024-12-31,1185855.1951009266,-0.013663439057392424
2025-01-02,1156123.4650009265,-0.02507197356205837
2025-01-03,1193797.7235209267,0.03258670865223712
2025-01-06,1194546.9403209267,0.000627591077817069
2025-01-07,1174396.4844909266,-0.016868701555241117
2025-01-08,1175094.1615409264,0.0005940728358893033
2025-01-10,1174849.2301409268,-0.00020843555181859763
2025-01-13,1185155.5969309267,0.008772501633050878
2025-01-14,1176805.3625909265,-0.007045686120560002
2025-01-15,1215114.2126909266,0.032553259288058634
2025-01-16,1197814.6592009265,-0.014236977322229949
2025-01-17,1213037.9177009265,0.012709193682898912
2025-01-21,1210130.0550609266,-0.002397173738403202
2025-01-22,1199388.2982509267,-0.008876530886144374
2025-01-23,1196121.0221909266,-0.0027241186734644485
2025-01-24,1189185.8777409266,-0.005798029063394439
2025-01-27,1177904.8529409268,-0.009486342725016361
2025-01-28,1179026.5760309268,0.0009523036493137571
2025-01-29,1168298.2308209268,-0.009099324330852476
2025-01-30,1181646.0600409266,0.011425018773349116
2025-01-31,1186792.0285109268,0.004354915269485948
2025-02-03,1161878.9218309268,-0.0209919733883438
2025-02-04,1172019.6592009268,0.008727877904885162
2025-02-05,1155335.0516909268,-0.014235774442022064
2025-02-06,1150759.5886609266,-0.003960291019738049
2025-02-07,1135692.8884709266,-0.01309283045604015
2025-02-10,1122782.4722609266,-0.011367876246352382
2025-02-11,1096456.8764609266,-0.023446746320316736
2025-02-12,1105933.8165209265,0.008643240115916884
2025-02-13,1128908.2215209268,0.020773761193299656
2025-02-14,1128794.4409009265,-0.00010078819325720634
2025-02-18,1126751.8558909264,-0.0018095278785832392
2025-02-19,1134355.9418909266,0.006748678478091019
2025-02-20,1127100.0503809266,-0.00639648565502704
2025-02-21,1107560.5369409265,-0.017336094904260135
2025-02-24,1099011.0188009264,-0.007719233265220615
2025-02-25,1066424.4367759265,-0.029650823756574685
2025-02-26,1052337.0480609264,-0.013209926769485847
2025-02-27,1041956.0669009264,-0.009864692285735166
2025-02-28,1054880.4974009264,0.012404007146329166
2025-03-03,1045133.1270609265,-0.009240260260774624
2025-03-04,1030365.4361309266,-0.014129961578702388
2025-03-05,1038619.1832109266,0.00801050461377395
2025-03-06,1020332.6711509266,-0.01760656105298053
2025-03-07,1019418.0218309266,-0.0008964226529846187
2025-03-10,972161.3142959266,-0.04635655493918445
2025-03-11,981985.1939909267,0.010105195043802917
2025-03-12,1002383.2267709267,0.020772240665971164
2025-03-13,993765.1836459266,-0.008597553206034947
2025-03-14,1004578.1663359267,0.010880822620822128
2025-03-17,990675.8262809268,-0.0138389828894121
2025-03-18,975933.7431259268,-0.014880834642289509
2025-03-19,988167.2615159268,0.012535193578629533
2025-03-20,988627.7131709268,0.0004659653005438802
2025-03-21,1003030.8531859268,0.014568820824173878
2025-03-24,1037350.0401109267,0.034215484813843844
2025-03-25,1048616.2165109268,0.010860534982767511
2025-03-26,1030054.1338509268,-0.017701502578094663
2025-03-27,1031287.9913709267,0.0011978569663975147
2025-03-28,1020254.0007959267,-0.010699233063241831
2025-03-31,1015186.6214859268,-0.0049667821013655855
2025-04-01,1025885.9976859268,0.010539319543375614
2025-04-02,1042302.5830859268,0.01600234864013217
2025-04-03,1024513.8077959268,-0.017066805339130076
2025-04-04,992557.7024159268,-0.03119148335223343
2025-04-07,985505.3886359269,-0.007105192738753985
2025-04-08,972429.5036359269,-0.01326820243783633
2025-04-09,1030021.0689459268,0.05922441173850057
2025-04-10,1007377.208945927,-0.02198388041049737
2025-04-11,1007273.6171059269,-0.00010283321786530575
2025-04-14,1007325.0487459268,5.10602473116073e-05
2025-04-15,1009328.7588359269,0.001989139545864216
2025-04-16,995016.1712259268,-0.014180302983248905
2025-04-17,994813.0077559268,-0.00020418107350927972
2025-04-21,979031.4774959269,-0.015863815749252663
2025-04-22,990928.626535927,0.012151957637183797
2025-04-23,1005439.2116759269,0.014643421081421248
2025-04-24,1015383.9011759269,0.009890890850997813
2025-04-25,1044209.3394859269,0.028388709212955776
2025-04-28,1045265.8405059269,0.0010117712800004064
2025-04-29,1052220.825005927,0.006653794882107489
2025-04-30,1041055.3151059271,-0.010611375135953005
2025-05-01,1039201.325095927,-0.0017808756010351257
2025-05-02,1046751.7401959271,0.007265594180514645
2025-05-05,1038916.165625927,-0.00748560930840525
2025-05-06,1033380.077520927,-0.005328714951378877
2025-05-07,1034360.080640927,0.000948347216399803
2025-05-08,1044029.611010927,0.00934832129639851
2025-05-09,1059127.8308009268,0.01446148617890275
2025-05-12,1081725.8788109268,0.021336468887717785
2025-05-13,1099315.6688109268,0.016260857158502562
2025-05-14,1114566.956310927,0.013873437751048101
2025-05-15,1109120.935970927,-0.004886220885307435
2025-05-16,1117128.889730927,0.007220090704527227
2025-05-19,1108301.743430927,-0.007901636401262735
2025-05-20,1110237.855560927,0.001746917878164167
2025-05-21,1099980.121130927,-0.009239222368991773
2025-05-22,1107128.949230927,0.006499052085277679
2025-05-23,1105233.391310927,-0.0017121383388238876
2025-05-27,1131428.653960927,0.0237011140415595
2025-05-28,1124775.3491209268,-0.00588044576801916
2025-05-29,1126481.673830927,0.0015170360119767246
2025-05-30,1113203.678310927,-0.011787138511400896
2025-06-02,1109023.214810927,-0.0037553446700275828
2025-06-03,1110775.833215927,0.0015803261659395051
2025-06-04,1097260.993120927,-0.012167027487330007
2025-06-05,1044929.3606309269,-0.047692967140984144
2025-06-06,1056468.9518009268,0.01104341748329496
2025-06-09,1071283.8008459269,0.014022985739188698
2025-06-10,1090585.8659059268,0.018017695259424427
2025-06-11,1090968.1765109268,0.0003505552537876877
2025-06-12,1082912.4984359269,-0.007383971639542408
2025-06-13,1089720.8444659268,0.006287069398343226
2025-06-16,1093920.853175927,0.003854206085282863
2025-06-17,1079897.827085927,-0.012819049979061692
2025-06-18,1086145.669775927,0.005785586870620696
2025-06-20,1086271.691825927,0.0001160268401438902
2025-06-23,1115289.624285927,0.026713328422674376
2025-06-24,1106323.228115927,-0.008039522626905882
2025-06-25,1092216.475415927,-0.012751022794688982
2025-06-26,1090282.1408059269,-0.0017710176082661455
2025-06-27,1087937.046295927,-0.002150906102402539
2025-06-30,1081431.666395927,-0.005979555455114416
2025-07-01,1062970.5679359268,-0.017070980103186084
2025-07-02,1079221.955305927,0.01528865225455589
2025-07-03,1078898.177315927,-0.0003000105663233388
2025-07-07,1055644.055945927,-0.021553582959841
2025-07-08,1059841.898945927,0.003976570489224507
2025-07-09,1057751.151395927,-0.0019726975807234925
2025-07-10,1072892.201345927,0.014314378131395467
2025-07-11,1076824.7534559271,0.0036653748671737763
2025-07-14,1080489.855725927,0.0034036200024536445
2025-07-15,1073888.831050927,-0.00610928889338358
2025-07-16,1085629.9582509273,0.010933279926666373
2025-07-17,1083197.0951009272,-0.002240969062717979
2025-07-18,1094217.2634409273,0.010173742516336182
2025-07-21,1092974.6790409272,-0.0011355920268453223
2025-07-22,1096863.4793009274,0.0035579966622947268
2025-07-23,1097344.7884009273,0.00043880492794490245
2025-07-24,1068099.1984009272,-0.02665123150820936
2025-07-25,1079626.2896609274,0.010792154209325888
2025-07-28,1089825.4612109272,0.00944694626990139
2025-07-29,1085132.185660927,-0.004306446965173016
2025-07-30,1082825.9634809273,-0.002125291471835933
2025-07-31,1071334.6188759273,-0.010612365230012744
2025-08-01,1065320.0076709273,-0.0056141294223374105
2025-08-04,1072387.0985909272,0.006633772827988382
2025-08-05,1071811.919640927,-0.0005363538509143284
2025-08-06,1083705.751750927,0.011096939576846987
2025-08-07,1086211.631960927,0.0023123252838248565
2025-08-08,1094040.650530927,0.007207636467551293
2025-08-11,1103988.4655309273,0.009092728862654775
2025-08-12,1105910.8805309273,0.0017413361280687045
2025-08-13,1104366.5190309272,-0.001396461077640132
2025-08-14,1100345.9632709273,-0.0036405991042972596
2025-08-15,1095046.5806159272,-0.004816105872054055
2025-08-18,1099898.3109959273,0.004430615524383619
2025-08-19,1093732.7052059271,-0.005605614381221646
2025-08-20,1088035.555985927,-0.005208904509193868
2025-08-21,1084046.3339059274,-0.0036664445918634936
2025-08-22,1104962.4622459272,0.019294496633402103
2025-08-25,1111880.5133459275,0.006260892416144914
2025-08-26,1117196.9284159273,0.004781462581803453
2025-08-27,1115027.4864759273,-0.0019418617119508763
2025-08-28,1111238.3055659274,-0.003398284756168324
